{"name":"cdb6f514-757f-48e7-a6d0-ff4e2b67422b","id":"/providers/Microsoft.Flow/flows/cdb6f514-757f-48e7-a6d0-ff4e2b67422b","type":"Microsoft.Flow/flows","properties":{"apiId":"/providers/Microsoft.PowerApps/apis/shared_logicflows","displayName":"SelectDemo","definition":{"metadata":{"workflowEntityId":null,"processAdvisorMetadata":null,"flowChargedByPaygo":null,"flowclientsuspensionreason":"None","flowclientsuspensiontime":null,"flowclientsuspensionreasondetails":null,"creator":{"id":"910bcfb6-c9c9-47ae-9033-46f7144109ec","type":"User","tenantId":"53dfa436-46c9-436e-94a1-37b3f264a568"},"provisioningMethod":"FromDefinition","failureAlertSubscription":true,"clientLastModifiedTime":"2025-01-17T05:17:49.4376782Z","connectionKeySavedTimeKey":"2025-01-17T05:17:49.4376782Z"},"$schema":"https://schema.management.azure.com/providers/Microsoft.Logic/schemas/2016-06-01/workflowdefinition.json#","contentVersion":"undefined","parameters":{"$authentication":{"defaultValue":{},"type":"SecureObject"}},"triggers":{"manual":{"metadata":{"operationMetadataId":"ee972900-99a6-43fe-bace-d0e04ff65294"},"type":"Request","kind":"Button","inputs":{"schema":{"type":"object","properties":{},"required":[]}}}},"actions":{"Initialize_Car_Data_Array":{"runAfter":{},"metadata":{"operationMetadataId":"7e43d508-eed9-4f29-b559-b5570855e2d1"},"type":"InitializeVariable","inputs":{"variables":[{"name":"Car Data","type":"array","value":[{"Maker":"Tesla EV","Model":"Model Y","Year":"2024"},{"Maker":"Kia","Model":"Telluride","Year":"2021"},{"Maker":"Hyundai","Model":"Palisade","Year":"2023"},{"Maker":"Lexus","Model":"ES","Year":"2024"}]}]}},"Select:_List_of_Makers":{"runAfter":{"Select:_Add_New_Column_To_Array":["Succeeded"]},"metadata":{"operationMetadataId":"876fc562-c11a-4b66-9cfd-1cd55372ae9a"},"type":"Select","inputs":{"from":"@variables('Car Data')","select":"@item()?['Maker']"}},"Select:_Change_A_Column_Type":{"runAfter":{"Select:_List_of_Makers":["Succeeded"]},"metadata":{"operationMetadataId":"3c27a1b9-1783-41e0-9b56-7472d0d4cc6a"},"type":"Select","inputs":{"from":"@variables('Car Data')","select":"@setProperty(item(),'Year',int(item()?['Year']))"}},"Select_Only_Maker_And_Model_Columns_From_Array":{"runAfter":{"Initialize_Car_Data_Array":["Succeeded"]},"metadata":{"operationMetadataId":"376ebdd7-6074-43dc-8247-d2bce74ec109"},"type":"Select","inputs":{"from":"@variables('Car Data')","select":{"Maker":"@item()?['Maker']","Model":"@item()?['Model']"}}},"Select:_Add_New_Column_To_Array":{"runAfter":{"Select_Only_Maker_And_Model_Columns_From_Array":["Succeeded"]},"metadata":{"operationMetadataId":"3bb3bcad-bf94-468e-9603-364fa07823fc"},"type":"Select","inputs":{"from":"@variables('Car Data')","select":"@addProperty(item(),'Electric',contains(item()?['Maker'],'EV'))"}}}},"connectionReferences":{},"flowFailureAlertSubscribed":false,"isManaged":false}}